/*
MySQL Backup
Source Server Version: 5.7.11
Source Database: bookstore
Date: 2017/9/21 10:53:09
*/

SET FOREIGN_KEY_CHECKS=0;

-- ----------------------------
--  Table structure for `admin`
-- ----------------------------
DROP TABLE IF EXISTS `admin`;
CREATE TABLE `admin` (
  `adminId` int(100) NOT NULL AUTO_INCREMENT,
  `adminName` varchar(100) NOT NULL,
  `sex` varchar(50) NOT NULL,
  `psw` varchar(100) NOT NULL,
  PRIMARY KEY (`adminId`)
) ENGINE=InnoDB AUTO_INCREMENT=201504 DEFAULT CHARSET=utf8;

-- ----------------------------
--  Table structure for `category`
-- ----------------------------
DROP TABLE IF EXISTS `category`;
CREATE TABLE `category` (
  `cid` int(100) unsigned zerofill NOT NULL AUTO_INCREMENT,
  `cate` varchar(100) NOT NULL,
  PRIMARY KEY (`cid`)
) ENGINE=InnoDB AUTO_INCREMENT=9 DEFAULT CHARSET=utf8;

-- ----------------------------
--  Table structure for `product`
-- ----------------------------
DROP TABLE IF EXISTS `product`;
CREATE TABLE `product` (
  `pid` int(100) NOT NULL AUTO_INCREMENT,
  `pname` varchar(100) NOT NULL,
  `relprice` double(100,2) DEFAULT NULL,
  `price` double(100,2) NOT NULL,
  `cid` varchar(100) NOT NULL,
  `imgurl` varchar(200) DEFAULT NULL,
  `message` varchar(800) DEFAULT NULL,
  `author` varchar(100) NOT NULL,
  `state` int(100) NOT NULL,
  PRIMARY KEY (`pid`)
) ENGINE=InnoDB AUTO_INCREMENT=24 DEFAULT CHARSET=utf8;

-- ----------------------------
--  Table structure for `shopcart`
-- ----------------------------
DROP TABLE IF EXISTS `shopcart`;
CREATE TABLE `shopcart` (
  `cartId` int(100) NOT NULL AUTO_INCREMENT,
  `uid` int(100) NOT NULL,
  `pid` int(100) NOT NULL,
  `num` int(100) NOT NULL,
  PRIMARY KEY (`cartId`)
) ENGINE=InnoDB AUTO_INCREMENT=33 DEFAULT CHARSET=utf8;

-- ----------------------------
--  Table structure for `user`
-- ----------------------------
DROP TABLE IF EXISTS `user`;
CREATE TABLE `user` (
  `uid` int(50) NOT NULL AUTO_INCREMENT,
  `name` varchar(100) DEFAULT NULL,
  `sex` varchar(30) DEFAULT NULL,
  `psw` varchar(100) DEFAULT NULL,
  `email` varchar(100) DEFAULT NULL,
  `phone` varchar(60) DEFAULT NULL,
  `state` int(50) DEFAULT NULL,
  `code` varchar(120) DEFAULT NULL,
  `savetime` datetime DEFAULT NULL,
  PRIMARY KEY (`uid`)
) ENGINE=InnoDB AUTO_INCREMENT=38 DEFAULT CHARSET=utf8;

-- ----------------------------
--  View definition for `pro_cate_view`
-- ----------------------------
DROP VIEW IF EXISTS `pro_cate_view`;
CREATE ALGORITHM=UNDEFINED DEFINER=`root`@`localhost` SQL SECURITY DEFINER VIEW `pro_cate_view` AS select `category`.`cate` AS `cate`,`product`.`cid` AS `cid`,`product`.`pid` AS `pid`,`product`.`pname` AS `pname`,`product`.`relprice` AS `relprice`,`product`.`price` AS `price`,`product`.`imgurl` AS `imgurl`,`product`.`message` AS `message`,`product`.`author` AS `author`,`product`.`state` AS `state` from (`product` join `category` on((`category`.`cid` = `product`.`cid`)));

-- ----------------------------
--  View definition for `shopcart_view`
-- ----------------------------
DROP VIEW IF EXISTS `shopcart_view`;
CREATE ALGORITHM=UNDEFINED DEFINER=`root`@`localhost` SQL SECURITY DEFINER VIEW `shopcart_view` AS select `shopcart`.`cartId` AS `cartId`,`user`.`sex` AS `sex`,`user`.`uid` AS `uid`,`user`.`name` AS `name`,`user`.`psw` AS `psw`,`user`.`email` AS `email`,`user`.`phone` AS `phone`,`user`.`savetime` AS `savetime`,`product`.`relprice` AS `relprice`,`product`.`pid` AS `pid`,`product`.`pname` AS `pname`,`product`.`price` AS `price`,`product`.`cid` AS `cid`,`product`.`imgurl` AS `imgurl`,`product`.`message` AS `message`,`product`.`author` AS `author`,`product`.`state` AS `state`,`shopcart`.`num` AS `num`,`category`.`cate` AS `cate` from (((`product` join `shopcart` on((`shopcart`.`pid` = `product`.`pid`))) join `user` on((`shopcart`.`uid` = `user`.`uid`))) join `category` on((`category`.`cid` = `product`.`cid`)));

-- ----------------------------
--  Records 
-- ----------------------------
INSERT INTO `admin` VALUES ('201503','zxj','女','222');
INSERT INTO `category` VALUES ('0000000000000000000000000000000000000000000000000000000000000000000000000000000000000000000000000001','文学'), ('0000000000000000000000000000000000000000000000000000000000000000000000000000000000000000000000000002','社科'), ('0000000000000000000000000000000000000000000000000000000000000000000000000000000000000000000000000003','文教'), ('0000000000000000000000000000000000000000000000000000000000000000000000000000000000000000000000000004','生活'), ('0000000000000000000000000000000000000000000000000000000000000000000000000000000000000000000000000005','少儿'), ('0000000000000000000000000000000000000000000000000000000000000000000000000000000000000000000000000006','艺术'), ('0000000000000000000000000000000000000000000000000000000000000000000000000000000000000000000000000007','杂志'), ('0000000000000000000000000000000000000000000000000000000000000000000000000000000000000000000000000008','儿童');
INSERT INTO `product` VALUES ('1','西游记','25.50','29.00','1','z6713388.jpg','　本书是中国古代神魔小说的翘楚、浪漫文学的代表，作者以其丰富的艺术想象力建构一个光怪陆离的神话世界，并塑造出以孙悟空、猪八戒为代表的一批性格鲜明、影响深远的文学形象，数百年来一直为人们所喜闻乐见。 　　本书是一部思想性和艺术性都臻于第一流的伟大作品。它也是明代长篇小说的重要流派之一神魔小说的代表作。它的前七回，介绍了孙悟空的出身，其余九十三回，是全书的主要部分，演述唐僧、孙悟空师徒四人降妖伏魔、西天取经的故事。','吴承恩','0'), ('3','红楼梦','30.00','42.00','1','s4999786.jpg','《红楼梦》，中国古典四大名著之首，清代作家曹雪芹创作的章回体长篇小说，又名《石头记》《金玉缘》。\"\"\"','曹雪芹','1'), ('5','水浒传','30.00','35.00','1','z7081520.jpg','《水浒传》是我国第一部以农民起义为题材的长篇章回小说，由施耐庵著，是我国文学史上一座巍然屹立的丰碑，也是世界文学宝库中一颗光彩夺目的明珠。数百年来，它一直深受我国人民的喜爱，并被译为多种文字，成为我国流传*为广泛的古代长篇小说之一。 《水浒传》为教育部《语文新课程标准》推荐篇目，将为读者展开一个个生动的场景，一幅幅美丽的画卷。\"\"','施耐庵','1'), ('6','简爱','30.00','41.90','1','shu1.jpg','《简·爱》是19世纪英国现实主义文学作家夏洛蒂·勃朗特的成名作及代表作。小说真实地再现了小人物简·爱三十年的坎坷遭遇和勇敢追求,细腻地叙述了女主人公艰难的生存状态和复杂的心理活动,反对对人性的压抑和摧残,赞扬了妇女独立自主、自尊自强的精神,是一部现实主义的作品。作品还充分表现了作者的主观理想,抒发了个人热烈的感情,在情节的构建、人物的刻画、心理的揭示和景物的描绘方面,都有着极为丰富的想象力。','夏洛蒂.勃朗特','0'), ('7','史记','50.00','70.00','3','shu5.jpg','《史记》是我国历史学上一个划时代的标志，是一部“究天人之际，通古今之变，成一家之言”的伟大著作，是司马迁对我国民族文化的极其宝贵的贡献。《史记》内容丰富，规模宏大，包括十二本纪，十表，八书，三十世家和七十列传，共一百三十篇，全面叙述了我国上古至汉初约三千年的政治、经济、文化多方面的历史发展，是我国古代历史的伟大总结。《史记》文笔优美，被鲁迅誉为“史家之绝唱，无韵之离骚”。   编辑力荐中国历史图书：《三国志》  《战国策》  《典故故事》','司马迁','0'), ('8','百年孤独','30.00','40.90','1','shu6.jpg','《百年孤独》是魔幻现实主义文学的代表作，描写了布恩迪亚家族七代人的传奇故事，以及加勒比海沿岸小镇马孔多的百年兴衰，反映了拉丁美洲一个世纪以来风云变幻的历史。作品融入神话传说、民间故事、宗教典故等神秘因素，巧妙地糅合了现实与虚幻，展现出一个瑰丽的想象世界，成为20世界*重要的经典文学巨著之一。1982年加西亚?马尔克斯获得诺贝尔文学奖，奠定世界级文学大师的地位，很大程度上乃是凭借《百年孤独》的巨大影响。','加夫列尔','1'), ('9','福尔摩斯探案集','33.00','44.00','5','shu8.jpg','《福尔摩斯探案故事集》被称为推理小说中的“圣经”，一百多年来被译成57种文字，畅销世界各地，“福尔摩斯”更是成了名侦探的代名词，他与华生的搭档组合，以及“神探”的典型形象，都对后世的侦探小说有着极其深远的影响。在一个个高潮迭起的故事中，神探与罪犯对抗、正义与邪恶对立，谜一般跌宕起伏的情节强烈吸引着读者们努力去寻求答案，既感到恐怖刺激，又欲罢不能。英国著名小说家毛姆曾说：“和柯南道尔所写的《福尔摩斯探案》相比，没有任何侦探小说曾享有那么大的声誉。”','阿瑟.柯南道尔','1'), ('11','解忧杂','25.00','30.00','2','2.jpg','僻静的街道旁有一家杂货店，只要写下烦恼投进店前门卷帘门的投信口，第二天就会在店后的牛奶箱里得到回答：因男友身患绝症，年轻女孩静子在爱情与梦想间徘徊；克郎为了音乐梦想离家漂泊，却在现实中寸步难行；少年浩介面临家庭巨变，挣扎在亲情与未来的迷茫中……\r\n\r\n他们将困惑写成信投进杂货店，奇妙的事情随即不断发生。生命中的一次偶然交会，将如何演绎出截然不同的人生？\"','东野圭吾 ','1'), ('12','巨人的陨落','30.00','40.00','6','3.jpg','世界是属于勇敢者的，所以世界是属于我的。在第一次世界大战的硝烟中，每一个迈向死亡的生命都在热烈地生长——威尔士的矿工少年、刚失恋的美国法律系大学生、穷困潦倒的俄国兄弟、富有英俊的英格兰伯爵，以及痴情的德国特工……从充满灰尘和危险的煤矿到闪闪发光的皇室宫殿，从代表着权力的走廊到爱恨纠缠的卧室，五个家族迥然不同又纠葛不断的命运逐渐揭晓，波澜壮阔地展现了一个我们自认为了解，但从未如此真切感受过的20世纪。','肯·福莱特','0'), ('13','这么慢,那么美','30.00','43.00','6','4.jpg','幸福永远得来不易！\r\n许多人将全球幸福指数归结于北欧制度、福利、资源等因素，但真的仅仅是这样吗？\r\n幸福是什么？物质很重要，但仅仅是“够用”就可以了。北欧人的幸福感，更多来源于简约、自然、宁静的心态，以及家庭的温暖、个人努力，而这些是我们可以学会，可以身体力行的，也是我们自古传统一直倡导的。\r\n幸福是一种选择，我们不必去远方适应别人的生活，不必为了他人的价值观而将自己累得喘不过气，跟着罗敷，一个在北欧生活了10年的人，体会那些真正能获得幸福的自信心态、简约的生活方式、生生不息的自强精神和温馨治愈的家庭观念。','罗敷','1'), ('14','漫长的中场休息','40.00','55.00','2','5.jpg','《漫长的中场休息》是美国作家本·方登的长篇小说，也是李安电影《比利·林恩的中场战事》原著。\r\n\r\n比利·林恩所在的B班士兵，在伊拉克赢得了一场3分43秒的短暂胜利。一夜间，他们成了美国的英雄。\r\n\r\n每个人都说着“感谢你们”，记者、好莱坞导演蜂拥而至。他们甚至还被邀请参加超级碗的中场秀。\r\n绚丽的烟花在耳边炸响，伴舞身上的亮片在身畔旋转，战争仿佛无比遥远。但有那么一刹那，比利觉得还是打仗好，总比被人当舞台布景挪来挪去爽多了。老天作证，打仗确实烂透了，可他实在看不出这种无聊的和平生活又有什么好的。\r\n这一天，比利·林恩遭遇了人生中最大的挑战。','本·方登','1'), ('15','第十三天','19.00','32.00','2','6.jpg','本书以一个在意大利落 网的亚裔连环杀手陈默的口述为开篇。陈默为报杀妻之仇，在意大利了结了7位仇人之后，甘心伏法。没想到，忽然收到了来自家乡九安的家信。原来，他的女儿突然失踪了，事情有可能涉及到拐卖妇女集团。于是，陈默在意大利黑手党的帮助下实施了越狱，对方给他两个星期时间，要求他必须处理完所有事情并回到意大利的监狱。等陈默回到中国，才发现一切都不是那么简单。标题《第十三天》环环紧扣了“两个星期”这个关键线索。剧情紧凑，略带（特别）血腥。涉及到了埋伏、自制武器、跟踪与反跟踪的桥段。','梁柯','1'), ('16','北鸢','40.00','45.00','6','7.jpg','北鸢》是葛亮书写近现代历史、家国兴衰“中国三部曲”的第二部，历时七年，是继上一部《朱雀》之后的最新作品。\r\n\r\n葛亮首次追溯祖辈身世，叙写家族故事。历史跨度由上世纪二十年代至四十年代末 。绝美工笔，再现民国“清明上河图”。睽违已久的大时代，自由、智性、不拘一格。\r\n\r\n小说以主人公的成长为起点，资本家家庭与走向没落的士绅家族的联姻为主线，勾勒民国最风起云涌的断代。跌宕的人生传奇喻于日常，入微而惊心动魄。切肤感受来自大时代的痛楚与体温；大时代的辽阔与丰盛；大时代人的微渺与心的旷达。那个时代的市井像貌、政客、军阀、文人、商人、伶人在他的笔下复活再现，生动的勾勒出一幅民国社会的生态图景，笔触起落之间无不映照大时代的风云翻涌。','葛亮','1'), ('17','浣熊','30.00','32.00','4','8.jpg','《浣熊》的主要的篇目都是围绕“相遇”的主题。比如，2008年有一场叫做“浣熊”的台风过境，那一年美国的总统大选，亚洲金融风暴，世界性的波动在侵袭人们的日常生活。《浣熊》讲的就是一个非常阔大的背景之下，发生于凡常的故事，因为风暴本身不期而来，一对年轻人在非常仓促情况下的相遇。又如《猴子》是写一个从动植物园里逃出来的红颊黑猿，进入到不同人群生活中间去，和这些人的不期而遇。这些遭遇可以是某种侵入，但是同时恰恰因为它的存在，它突然的侵入，一些人生命中麻木的状态被打破，本相哗然而出。这个过程是苦痛的。还有如《龙舟》，是写一个随家族移民的年轻男子和香港离岛之间的相遇。','葛亮','1'), ('18','智能时代','40.00','50.00','2','9.jpg','智能时代：大数据与智能革命重新定义未来》大数据和人工智能迅猛发展，对社会和商业的影响日益深刻，从学术界到企业界，智能化浪潮的来临，已经成为共识。可以比肩于大航海时期和工业革命的此次变革浪潮，必然会对我们的技术发展、商业和社会都会产生重大的影响。作者吴军在《智能时代：大数据与智能革命重新定义未来》中指出，首先，我们在过去被认为非常难以解决的问题，会因为大数据和机器智能的使用而迎刃而解，比如解决癌症个性化治疗的难题。同时，大数据和机器智能还会彻底改变未来时代的商业模式，很多传统的行业都将采用智能技术实现升级换代，同时改变原有的商业模式。大数据和机器智能对于未来社会的影响是全方位的。另一方面，智能化也会对整个社会带来巨大的冲击，尤其是在智能革命的初期。因此，在智能时代开始的时候，我们需要未雨绸缪，力争做控制世界的2%人，而不是被智能化浪潮淘汰。\"','吴军','1'), ('19','钢铁是怎样练成的','123.90','150.50','6','10.jpg','1111','保尔.柯察金','1'), ('20','聊斋','23.90','68.00','3','liaozhai.jpg','牛鬼蛇神','you and me','1'), ('22','茶花女','11.00','55.00','2','girl.jpg','茶花女','不知道','1'), ('23','d','44.00','45.00','6','1.jpg','44ff','d','1');
INSERT INTO `shopcart` VALUES ('12','27','1','3'), ('13','27','3','1'), ('17','34','3','1'), ('18','35','3','3'), ('19','35','5','2'), ('20','35','14','1'), ('23','21','11','2'), ('24','21','5','3'), ('26','21','9','1'), ('28','21','3','1'), ('32','36','5','1');
INSERT INTO `user` VALUES ('4','LJAN','男','123456','2297436978@qq.com','13966083218','1','43245WETRWEEWEWRWR','2016-11-10 00:00:00'), ('5','qwqwq','男','121212','134213412@qq.com','12141432421','0','FE439B8CA9444247BBE36AB8D3F06FDC','2016-11-11 00:00:00'), ('7','hdfa','男','123456','2297436978@qq.com','12653713278','1','7997D0320D7840B2A8DDAB2B75F891B9','2016-11-13 00:00:00'), ('14','aaaa','男','123456','2297436978@qq.com','11134132412','0','E92C1E76FA8744CB881A220F1A1398E6','2016-11-13 00:00:00'), ('17','qqqq','男','123456','2297436978@qq.com','12131123123','0','DAEB3F72899341488294CD1F1D75C65D','2016-11-14 00:00:00'), ('18','qqew','男','123456','2297436978@qq.com','11134132412','0','B65A1A1CDC534B7E9BE84749E9C7032E','2016-11-14 00:00:00'), ('19','123456','男','123456','134213412@qq.com','11134132412','1','5082848B1C894073B16AAC5027FA3712','2016-11-16 00:00:00'), ('21','1111','男','222222','2297436978@qq.com','11134132412','0','D2904DCD686A408DA5F31291F228FDAA','2016-11-16 00:00:00'), ('26','qwqe','男','123456','2297436978@qq.com','12131123123','0','9320159F97364EE493BE5D5A71B29050','2016-11-16 00:00:00'), ('27','qwer','男','123456','2297436978@qq.com','11134132412','1','F379E0B893DC4A6BAC0C35B2342A2215','2016-11-16 00:00:00'), ('28','asde','男','123456','2297436978@qq.com','12653713278','0','51947A49A963400ABFDE1324AFAE3CEF','2016-11-16 00:00:00'), ('29','qqqqq','男','123456','2297436978@qq.com','12131123123','1','B189BF63D76A42A98729DA63F3B4F23B','2016-11-16 00:00:00'), ('31','qwqqq','男','123','2297436978@qq.com','11134132412','1','1DC036FA85F3462FA736F571988CE49C','2016-11-17 00:00:00'), ('33','zxcxy','男','2012','3038107648@qq.com5555','1885504312555','0','E942040709FD4A74B9BB36A4F126CE87','2016-11-18 00:00:00'), ('34','smhsmh','女','201294','3038107648@qq.com','18855043125','0',NULL,'2016-11-18 00:00:00'), ('35','zzzz','女','875995','1281487298@qq.com','18855045698','0',NULL,'2016-12-04 00:00:00'), ('36','8888','女','888888','1281487298@qq.com','18855045698','0',NULL,'2017-06-22 00:00:00'), ('37','4444','女','444444','1281487298@qq.com','18855045698','0',NULL,'2017-06-22 00:00:00');
